{
    "pt1_correction_d": 0.013998401401587573,
    "zeroth_order_energy_gap": 0.06783251158054959,
    "pt1_d_radius": 0.41273427963712606,
    "pt2_correction_dd": -0.0009273643418719617,
    "pt2_correction_bb": -0.010647773403394229,
    "pt2_dd_radius": 0.42544070394340466,
    "pt2_bb_radius": 1.212753716819221,
    "pt3_ddd_radius": 0.7126602785498342,
    "pt3_bbd_radius": 1.077799453514531,
    "pt3_bdb_radius": 1.0777994535145312,
    "pt3_lp_radius": 0.8801164905263866,
    "pt3_correction_ddd": 0.0001165387212838568,
    "pt3_correction_bbd": 0.0006358718849583802,
    "pt3_correction_bdb": 0.0016578202588209197,
    "pt3_correction_lp": 0.0011571774781774609
}