{
    "pt1_correction_d": 0.013998401401587573,
    "zeroth_order_energy_gap": 0.06783251158054959,
    "pt1_d_radius": 0.41273427963712606,
    "pt2_correction_dd": -0.0009273643418719619,
    "pt2_correction_bb": -0.010647773403394229,
    "pt2_dd_radius": 0.8978779253923138,
    "pt2_bb_radius": 3.0424363285000267,
    "pt3_ddd_radius": 1.4401758172927828,
    "pt3_bbd_radius": 2.5354125695723746,
    "pt3_bdb_radius": 3.4895646238999602,
    "pt3_lp_radius": 3.095461609591432,
    "pt3_correction_ddd": 0.00011653872128385677,
    "pt3_correction_bbd": 0.0006358718849583801,
    "pt3_correction_bdb": 0.0016578202588209197,
    "pt3_correction_lp": 0.0011571774781774609
}